uuid,molecule,fragments,linker,anchor_1,anchor_2,energy
0,O=C([O-])c1c(F)cc(-c2ccc(-c3c(F)c(F)c(C(=O)[O-])c(F)c3F)cc2)c(F)c1F,O=C([O-])c1c(F)c(F)cc(F)c1F.O=C([O-])c1c(F)ccc(F)c1F,c1ccccc1,8,20,59.17529238551953
1,O=C([O-])c1c(F)cc(-c2ccc(-c3c(F)c(F)c(C(=O)[O-])c(F)c3F)cc2)c(F)c1F,O=C([O-])c1c(F)c(F)cc(F)c1F.O=C([O-])c1c(F)ccc(F)c1F,c1ccccc1,8,20,59.1752943203061
2,O=C([O-])c1c(F)cc(-c2ccc(-c3c(F)c(F)c(C(=O)[O-])c(F)c3F)cc2)c(F)c1F,O=C([O-])c1c(F)c(F)cc(F)c1F.O=C([O-])c1c(F)ccc(F)c1F,c1ccccc1,8,20,59.17529432965805
3,O=C([O-])c1c(F)cc(-c2ccc(-c3c(F)c(F)c(C(=O)[O-])c(F)c3F)cc2)c(F)c1F,O=C([O-])c1c(F)c(F)cc(F)c1F.O=C([O-])c1c(F)ccc(F)c1F,c1ccccc1,8,20,59.188062532951776
4,O=C([O-])c1c(F)cc(-c2ccc(-c3c(F)c(F)c(C(=O)[O-])c(F)c3F)cc2)c(F)c1F,O=C([O-])c1c(F)c(F)cc(F)c1F.O=C([O-])c1c(F)ccc(F)c1F,c1ccccc1,8,20,59.18806262451761
5,O=C([O-])c1c(F)cc(-c2ccc(-c3c(F)c(F)c(C(=O)[O-])c(F)c3F)cc2)c(F)c1F,O=C([O-])c1c(F)c(F)cc(F)c1F.O=C([O-])c1c(F)ccc(F)c1F,c1ccccc1,8,20,59.18944254721437
6,O=C([O-])c1c(F)cc(-c2ccc(-c3c(F)c(F)c(C(=O)[O-])c(F)c3F)cc2)c(F)c1F,O=C([O-])c1c(F)c(F)cc(F)c1F.O=C([O-])c1c(F)ccc(F)c1F,c1ccccc1,8,20,59.18944255924695
7,O=C([O-])c1c(F)cc(-c2ccc(-c3c(F)c(F)c(C(=O)[O-])c(F)c3F)cc2)c(F)c1F,O=C([O-])c1c(F)c(F)cc(F)c1F.O=C([O-])c1c(F)ccc(F)c1F,c1ccccc1,8,20,59.1894425877047
8,O=C([O-])c1c(F)cc(-c2ccc(-c3c(F)c(F)c(C(=O)[O-])c(F)c3F)cc2)c(F)c1F,O=C([O-])c1c(F)c(F)cc(F)c1F.O=C([O-])c1c(F)ccc(F)c1F,c1ccccc1,8,20,59.18944380890469
9,O=C([O-])C#CC=C(Cl)C#CC(=O)[O-],C#CC(=O)[O-].C#CC(=O)[O-],C=CCl,4,9,1.0350857317553601
10,O=C([O-])C#CC=C(Cl)C#CC(=O)[O-],C#CC(=O)[O-].C#CC(=O)[O-],C=CCl,4,9,1.0350857317553601
11,O=C([O-])C#CC=C(Cl)C#CC(=O)[O-],C#CC(=O)[O-].C#CC(=O)[O-],C=CCl,4,9,1.0350857317553601
12,O=C([O-])C#CC=C(Cl)C#CC(=O)[O-],C#CC(=O)[O-].C#CC(=O)[O-],C=CCl,4,9,1.0350857317553601
13,O=C([O-])C#CC=C(Cl)C#CC(=O)[O-],C#CC(=O)[O-].C#CC(=O)[O-],C=CCl,4,9,1.0350857317553601
14,O=C([O-])C#CC=C(Cl)C#CC(=O)[O-],C#CC(=O)[O-].C#CC(=O)[O-],C=CCl,4,9,1.0350857317553601
15,O=C([O-])C#CC=C(Cl)C#CC(=O)[O-],C#CC(=O)[O-].C#CC(=O)[O-],C=CCl,4,9,1.0350857317553601
16,O=C([O-])C#CC=C(Cl)C#CC(=O)[O-],C#CC(=O)[O-].C#CC(=O)[O-],C=CCl,4,9,1.0350857317553601
17,O=C([O-])C#CC=C(Cl)C#CC(=O)[O-],C#CC(=O)[O-].C#CC(=O)[O-],C=CCl,4,9,1.0350857317553601
18,O=C([O-])C#CC=C(Cl)C#CC(=O)[O-],C#CC(=O)[O-].C#CC(=O)[O-],C=CCl,4,9,1.0350857317553601
19,O=C([O-])C#CC=C(Cl)C#CC(=O)[O-],C#CC(=O)[O-].C#CC(=O)[O-],C=CCl,4,9,1.0350857317553601
20,O=C([O-])C#CC=C(Cl)C#CC(=O)[O-],C#CC(=O)[O-].C#CC(=O)[O-],C=CCl,4,9,1.0351102624186128
21,O=C([O-])C#CC=C(Cl)C#CC(=O)[O-],C#CC(=O)[O-].C#CC(=O)[O-],C=CCl,4,9,1.0351102624186128
22,O=C([O-])C#CC=C(Cl)C#CC(=O)[O-],C#CC(=O)[O-].C#CC(=O)[O-],C=CCl,4,9,1.0351102624186128
23,O=C([O-])C#CC=C(Cl)C#CC(=O)[O-],C#CC(=O)[O-].C#CC(=O)[O-],C=CCl,4,9,1.0351102624186128
24,O=C([O-])C#CC=C(Cl)C#CC(=O)[O-],C#CC(=O)[O-].C#CC(=O)[O-],C=CCl,4,9,1.0351102624186128
25,O=C([O-])C#CC=C(Cl)C#CC(=O)[O-],C#CC(=O)[O-].C#CC(=O)[O-],C=CCl,4,9,1.0351102624186128
26,O=C([O-])C#CC=C(Cl)C#CC(=O)[O-],C#CC(=O)[O-].C#CC(=O)[O-],C=CCl,4,9,1.0351102624186128
27,O=C([O-])C#CC=C(Cl)C#CC(=O)[O-],C#CC(=O)[O-].C#CC(=O)[O-],C=CCl,4,9,1.0351102624186128
28,O=C([O-])C#CC=C(Cl)C#CC(=O)[O-],C#CC(=O)[O-].C#CC(=O)[O-],C=CCl,4,9,1.0351102624186128
29,O=C([O-])C#CC=C(Cl)C#CC(=O)[O-],C#CC(=O)[O-].C#CC(=O)[O-],C=CCl,4,9,1.0351102624186128
30,O=C([O-])C#CC=C(Cl)C#CC(=O)[O-],C#CC(=O)[O-].C#CC(=O)[O-],C=CCl,4,9,1.0351102624186128
31,O=C([O-])C#CC=C(Cl)C#CC(=O)[O-],C#CC(=O)[O-].C#CC(=O)[O-],C=CCl,4,9,1.0355153396588161
32,O=C([O-])C#CC=C(Cl)C#CC(=O)[O-],C#CC(=O)[O-].C#CC(=O)[O-],C=CCl,4,9,1.0355153396588161
33,O=C([O-])C#CC=C(Cl)C#CC(=O)[O-],C#CC(=O)[O-].C#CC(=O)[O-],C=CCl,4,9,1.0355153396588161
34,O=C([O-])C#CC=C(Cl)C#CC(=O)[O-],C#CC(=O)[O-].C#CC(=O)[O-],C=CCl,4,9,1.0355153396588161
35,O=C([O-])C#CC=C(Cl)C#CC(=O)[O-],C#CC(=O)[O-].C#CC(=O)[O-],C=CCl,4,9,1.0355153396588161
36,O=C([O-])C#CC=C(Cl)C#CC(=O)[O-],C#CC(=O)[O-].C#CC(=O)[O-],C=CCl,4,9,1.0355153396588161
37,O=C([O-])C#CC=C(Cl)C#CC(=O)[O-],C#CC(=O)[O-].C#CC(=O)[O-],C=CCl,4,9,1.0355153396588161
38,O=C([O-])C#CC=C(Cl)C#CC(=O)[O-],C#CC(=O)[O-].C#CC(=O)[O-],C=CCl,4,9,1.0355153396588161
39,O=C([O-])C#CC=C(Cl)C#CC(=O)[O-],C#CC(=O)[O-].C#CC(=O)[O-],C=CCl,4,9,1.0355153396588161
40,O=C([O-])C#CC=C(Cl)C#CC(=O)[O-],C#CC(=O)[O-].C#CC(=O)[O-],C=CCl,4,9,1.0355153396588161
41,O=C([O-])C#CC=C(Cl)C#CC(=O)[O-],C#CC(=O)[O-].C#CC(=O)[O-],C=CCl,4,9,1.0355153396588161
42,O=C([O-])C#CC=C(Cl)C#CC(=O)[O-],C#CC(=O)[O-].C#CC(=O)[O-],C=CCl,4,9,1.0355415506137535
43,O=C([O-])C#CC=C(Cl)C#CC(=O)[O-],C#CC(=O)[O-].C#CC(=O)[O-],C=CCl,4,9,1.0355415506137535
44,O=C([O-])C#CC=C(Cl)C#CC(=O)[O-],C#CC(=O)[O-].C#CC(=O)[O-],C=CCl,4,9,1.0355415506137535
45,O=C([O-])C#CC=C(Cl)C#CC(=O)[O-],C#CC(=O)[O-].C#CC(=O)[O-],C=CCl,4,9,1.0355415506137535
46,O=C([O-])C#CC=C(Cl)C#CC(=O)[O-],C#CC(=O)[O-].C#CC(=O)[O-],C=CCl,4,9,1.0355415506137535
47,O=C([O-])C#CC=C(Cl)C#CC(=O)[O-],C#CC(=O)[O-].C#CC(=O)[O-],C=CCl,4,9,1.0355415506137535
48,O=C([O-])C#CC=C(Cl)C#CC(=O)[O-],C#CC(=O)[O-].C#CC(=O)[O-],C=CCl,4,9,1.0355415506137535
49,O=C([O-])C#CC=C(Cl)C#CC(=O)[O-],C#CC(=O)[O-].C#CC(=O)[O-],C=CCl,4,9,1.0355415506137535
50,O=C([O-])C#CC=C(Cl)C#CC(=O)[O-],C#CC(=O)[O-].C#CC(=O)[O-],C=CCl,4,9,1.0355415506137535
51,O=C([O-])C#CC=C(Cl)C#CC(=O)[O-],C#CC(=O)[O-].C#CC(=O)[O-],C=CCl,4,9,1.0355415506137535
52,O=C([O-])C#CC=C(Cl)C#CC(=O)[O-],C#CC(=O)[O-].C#CC(=O)[O-],C=CCl,4,9,1.0355415506137535
53,O=C([O-])C#CC=C(Cl)C#CC(=O)[O-],C#CC(=O)[O-].C#CC(=O)[O-],C=CCl,4,9,1.1175529766338148
54,O=C([O-])C#CC=C(Cl)C#CC(=O)[O-],C#CC(=O)[O-].C#CC(=O)[O-],C=CCl,4,9,1.1175529766338148
55,O=C([O-])C#CC=C(Cl)C#CC(=O)[O-],C#CC(=O)[O-].C#CC(=O)[O-],C=CCl,4,9,1.1175529766338148
56,O=C([O-])C#CC=C(Cl)C#CC(=O)[O-],C#CC(=O)[O-].C#CC(=O)[O-],C=CCl,4,9,1.1175529766338148
57,O=C([O-])C#CC=C(Cl)C#CC(=O)[O-],C#CC(=O)[O-].C#CC(=O)[O-],C=CCl,4,9,1.1175529766338148
58,O=C([O-])C#CC=C(Cl)C#CC(=O)[O-],C#CC(=O)[O-].C#CC(=O)[O-],C=CCl,4,9,1.1175529766338148
59,O=C([O-])C#CC=C(Cl)C#CC(=O)[O-],C#CC(=O)[O-].C#CC(=O)[O-],C=CCl,4,9,1.1175529766338148
60,O=C([O-])C#CC=C(Cl)C#CC(=O)[O-],C#CC(=O)[O-].C#CC(=O)[O-],C=CCl,4,9,1.1175529766338148
61,O=C([O-])C#CC=C(Cl)C#CC(=O)[O-],C#CC(=O)[O-].C#CC(=O)[O-],C=CCl,4,9,1.1175529766338148
62,O=C([O-])C#CC=C(Cl)C#CC(=O)[O-],C#CC(=O)[O-].C#CC(=O)[O-],C=CCl,4,9,1.1175529766338148
63,O=C([O-])C#CC=C(Cl)C#CC(=O)[O-],C#CC(=O)[O-].C#CC(=O)[O-],C=CCl,4,9,1.1175529766338148
64,O=C([O-])C#CC=C(Cl)C#CC(=O)[O-],C#CC(=O)[O-].C#CC(=O)[O-],C=CCl,4,9,1.1175774213114837
65,O=C([O-])C#CC=C(Cl)C#CC(=O)[O-],C#CC(=O)[O-].C#CC(=O)[O-],C=CCl,4,9,1.1175774213114837
66,O=C([O-])C#CC=C(Cl)C#CC(=O)[O-],C#CC(=O)[O-].C#CC(=O)[O-],C=CCl,4,9,1.1175774213114837
67,O=C([O-])C#CC=C(Cl)C#CC(=O)[O-],C#CC(=O)[O-].C#CC(=O)[O-],C=CCl,4,9,1.1175774213114837
68,O=C([O-])C#CC=C(Cl)C#CC(=O)[O-],C#CC(=O)[O-].C#CC(=O)[O-],C=CCl,4,9,1.1175774213114837
69,O=C([O-])C#CC=C(Cl)C#CC(=O)[O-],C#CC(=O)[O-].C#CC(=O)[O-],C=CCl,4,9,1.1175774213114837
70,O=C([O-])C#CC=C(Cl)C#CC(=O)[O-],C#CC(=O)[O-].C#CC(=O)[O-],C=CCl,4,9,1.1175774213114837
71,O=C([O-])C#CC=C(Cl)C#CC(=O)[O-],C#CC(=O)[O-].C#CC(=O)[O-],C=CCl,4,9,1.1175774213114837
72,O=C([O-])C#CC=C(Cl)C#CC(=O)[O-],C#CC(=O)[O-].C#CC(=O)[O-],C=CCl,4,9,1.1175774213114837
73,O=C([O-])C#CC=C(Cl)C#CC(=O)[O-],C#CC(=O)[O-].C#CC(=O)[O-],C=CCl,4,9,1.1175774213114837
74,O=C([O-])C#CC=C(Cl)C#CC(=O)[O-],C#CC(=O)[O-].C#CC(=O)[O-],C=CCl,4,9,1.1175774213114837
75,O=C([O-])C#CC=C(Cl)C#CC(=O)[O-],C#CC(=O)[O-].C#CC(=O)[O-],C=CCl,4,9,1.1217086187910832
76,O=C([O-])C#CC=C(Cl)C#CC(=O)[O-],C#CC(=O)[O-].C#CC(=O)[O-],C=CCl,4,9,1.1217086187910832
77,O=C([O-])C#CC=C(Cl)C#CC(=O)[O-],C#CC(=O)[O-].C#CC(=O)[O-],C=CCl,4,9,1.1217086187910832
78,O=C([O-])C#CC=C(Cl)C#CC(=O)[O-],C#CC(=O)[O-].C#CC(=O)[O-],C=CCl,4,9,1.1217086187910832
79,O=C([O-])C#CC=C(Cl)C#CC(=O)[O-],C#CC(=O)[O-].C#CC(=O)[O-],C=CCl,4,9,1.1217086187910832
80,O=C([O-])C#CC=C(Cl)C#CC(=O)[O-],C#CC(=O)[O-].C#CC(=O)[O-],C=CCl,4,9,1.1217086187910832
81,O=C([O-])C#CC=C(Cl)C#CC(=O)[O-],C#CC(=O)[O-].C#CC(=O)[O-],C=CCl,4,9,1.1217086187910832
82,O=C([O-])C#CC=C(Cl)C#CC(=O)[O-],C#CC(=O)[O-].C#CC(=O)[O-],C=CCl,4,9,1.1217086187910832
83,O=C([O-])C#CC=C(Cl)C#CC(=O)[O-],C#CC(=O)[O-].C#CC(=O)[O-],C=CCl,4,9,1.1217086187910832
84,O=C([O-])C#CC=C(Cl)C#CC(=O)[O-],C#CC(=O)[O-].C#CC(=O)[O-],C=CCl,4,9,1.1217086187910832
85,O=C([O-])C#CC=C(Cl)C#CC(=O)[O-],C#CC(=O)[O-].C#CC(=O)[O-],C=CCl,4,9,1.1217086187910832
86,O=C([O-])C#CC=C(Cl)C#CC(=O)[O-],C#CC(=O)[O-].C#CC(=O)[O-],C=CCl,4,9,1.0350857317553601
87,O=C([O-])C#CC=C(Cl)C#CC(=O)[O-],C#CC(=O)[O-].C#CC(=O)[O-],C=CCl,4,9,1.0350857317553601
88,O=C([O-])C#CC=C(Cl)C#CC(=O)[O-],C#CC(=O)[O-].C#CC(=O)[O-],C=CCl,4,9,1.0350857317553601
89,O=C([O-])C#CC=C(Cl)C#CC(=O)[O-],C#CC(=O)[O-].C#CC(=O)[O-],C=CCl,4,9,1.0350857317553601
90,O=C([O-])C#CC=C(Cl)C#CC(=O)[O-],C#CC(=O)[O-].C#CC(=O)[O-],C=CCl,4,9,1.0350857317553601
91,O=C([O-])C#CC=C(Cl)C#CC(=O)[O-],C#CC(=O)[O-].C#CC(=O)[O-],C=CCl,4,9,1.0350857317553601
92,O=C([O-])C#CC=C(Cl)C#CC(=O)[O-],C#CC(=O)[O-].C#CC(=O)[O-],C=CCl,4,9,1.0350857317553601
93,O=C([O-])C#CC=C(Cl)C#CC(=O)[O-],C#CC(=O)[O-].C#CC(=O)[O-],C=CCl,4,9,1.0350857317553601
94,O=C([O-])C#CC=C(Cl)C#CC(=O)[O-],C#CC(=O)[O-].C#CC(=O)[O-],C=CCl,4,9,1.0350857317553601
95,O=C([O-])C#CC=C(Cl)C#CC(=O)[O-],C#CC(=O)[O-].C#CC(=O)[O-],C=CCl,4,9,1.0350857317553601
96,O=C([O-])C#CC=C(Cl)C#CC(=O)[O-],C#CC(=O)[O-].C#CC(=O)[O-],C=CCl,4,9,1.0350857317553601
97,O=C([O-])C#CC=C(Cl)C#CC(=O)[O-],C#CC(=O)[O-].C#CC(=O)[O-],C=CCl,4,9,1.0351102624186128
98,O=C([O-])C#CC=C(Cl)C#CC(=O)[O-],C#CC(=O)[O-].C#CC(=O)[O-],C=CCl,4,9,1.0351102624186128
99,O=C([O-])C#CC=C(Cl)C#CC(=O)[O-],C#CC(=O)[O-].C#CC(=O)[O-],C=CCl,4,9,1.0351102624186128
100,O=C([O-])C#CC=C(Cl)C#CC(=O)[O-],C#CC(=O)[O-].C#CC(=O)[O-],C=CCl,4,9,1.0351102624186128
101,O=C([O-])C#CC=C(Cl)C#CC(=O)[O-],C#CC(=O)[O-].C#CC(=O)[O-],C=CCl,4,9,1.0351102624186128
102,O=C([O-])C#CC=C(Cl)C#CC(=O)[O-],C#CC(=O)[O-].C#CC(=O)[O-],C=CCl,4,9,1.0351102624186128
103,O=C([O-])C#CC=C(Cl)C#CC(=O)[O-],C#CC(=O)[O-].C#CC(=O)[O-],C=CCl,4,9,1.0351102624186128
104,O=C([O-])C#CC=C(Cl)C#CC(=O)[O-],C#CC(=O)[O-].C#CC(=O)[O-],C=CCl,4,9,1.0351102624186128
105,O=C([O-])C#CC=C(Cl)C#CC(=O)[O-],C#CC(=O)[O-].C#CC(=O)[O-],C=CCl,4,9,1.0351102624186128
106,O=C([O-])C#CC=C(Cl)C#CC(=O)[O-],C#CC(=O)[O-].C#CC(=O)[O-],C=CCl,4,9,1.0351102624186128
107,O=C([O-])C#CC=C(Cl)C#CC(=O)[O-],C#CC(=O)[O-].C#CC(=O)[O-],C=CCl,4,9,1.0351102624186128
108,O=C([O-])C#CC=C(Cl)C#CC(=O)[O-],C#CC(=O)[O-].C#CC(=O)[O-],C=CCl,4,9,1.0355153396588161
109,O=C([O-])C#CC=C(Cl)C#CC(=O)[O-],C#CC(=O)[O-].C#CC(=O)[O-],C=CCl,4,9,1.0355153396588161
110,O=C([O-])C#CC=C(Cl)C#CC(=O)[O-],C#CC(=O)[O-].C#CC(=O)[O-],C=CCl,4,9,1.0355153396588161
111,O=C([O-])C#CC=C(Cl)C#CC(=O)[O-],C#CC(=O)[O-].C#CC(=O)[O-],C=CCl,4,9,1.0355153396588161
112,O=C([O-])C#CC=C(Cl)C#CC(=O)[O-],C#CC(=O)[O-].C#CC(=O)[O-],C=CCl,4,9,1.0355153396588161
113,O=C([O-])C#CC=C(Cl)C#CC(=O)[O-],C#CC(=O)[O-].C#CC(=O)[O-],C=CCl,4,9,1.0355153396588161
114,O=C([O-])C#CC=C(Cl)C#CC(=O)[O-],C#CC(=O)[O-].C#CC(=O)[O-],C=CCl,4,9,1.0355153396588161
115,O=C([O-])C#CC=C(Cl)C#CC(=O)[O-],C#CC(=O)[O-].C#CC(=O)[O-],C=CCl,4,9,1.0355153396588161
116,O=C([O-])C#CC=C(Cl)C#CC(=O)[O-],C#CC(=O)[O-].C#CC(=O)[O-],C=CCl,4,9,1.0355153396588161
117,O=C([O-])C#CC=C(Cl)C#CC(=O)[O-],C#CC(=O)[O-].C#CC(=O)[O-],C=CCl,4,9,1.0355153396588161
118,O=C([O-])C#CC=C(Cl)C#CC(=O)[O-],C#CC(=O)[O-].C#CC(=O)[O-],C=CCl,4,9,1.0355153396588161
119,O=C([O-])C#CC=C(Cl)C#CC(=O)[O-],C#CC(=O)[O-].C#CC(=O)[O-],C=CCl,4,9,1.0355415506137535
120,O=C([O-])C#CC=C(Cl)C#CC(=O)[O-],C#CC(=O)[O-].C#CC(=O)[O-],C=CCl,4,9,1.0355415506137535
121,O=C([O-])C#CC=C(Cl)C#CC(=O)[O-],C#CC(=O)[O-].C#CC(=O)[O-],C=CCl,4,9,1.0355415506137535
122,O=C([O-])C#CC=C(Cl)C#CC(=O)[O-],C#CC(=O)[O-].C#CC(=O)[O-],C=CCl,4,9,1.0355415506137535
123,O=C([O-])C#CC=C(Cl)C#CC(=O)[O-],C#CC(=O)[O-].C#CC(=O)[O-],C=CCl,4,9,1.0355415506137535
124,O=C([O-])C#CC=C(Cl)C#CC(=O)[O-],C#CC(=O)[O-].C#CC(=O)[O-],C=CCl,4,9,1.0355415506137535
125,O=C([O-])C#CC=C(Cl)C#CC(=O)[O-],C#CC(=O)[O-].C#CC(=O)[O-],C=CCl,4,9,1.0355415506137535
126,O=C([O-])C#CC=C(Cl)C#CC(=O)[O-],C#CC(=O)[O-].C#CC(=O)[O-],C=CCl,4,9,1.0355415506137535
127,O=C([O-])C#CC=C(Cl)C#CC(=O)[O-],C#CC(=O)[O-].C#CC(=O)[O-],C=CCl,4,9,1.0355415506137535
128,O=C([O-])C#CC=C(Cl)C#CC(=O)[O-],C#CC(=O)[O-].C#CC(=O)[O-],C=CCl,4,9,1.0355415506137535
129,O=C([O-])C#CC=C(Cl)C#CC(=O)[O-],C#CC(=O)[O-].C#CC(=O)[O-],C=CCl,4,9,1.0355415506137535
130,O=C([O-])C#CC=C(Cl)C#CC(=O)[O-],C#CC(=O)[O-].C#CC(=O)[O-],C=CCl,4,9,1.1175529766338148
131,O=C([O-])C#CC=C(Cl)C#CC(=O)[O-],C#CC(=O)[O-].C#CC(=O)[O-],C=CCl,4,9,1.1175529766338148
132,O=C([O-])C#CC=C(Cl)C#CC(=O)[O-],C#CC(=O)[O-].C#CC(=O)[O-],C=CCl,4,9,1.1175529766338148
133,O=C([O-])C#CC=C(Cl)C#CC(=O)[O-],C#CC(=O)[O-].C#CC(=O)[O-],C=CCl,4,9,1.1175529766338148
134,O=C([O-])C#CC=C(Cl)C#CC(=O)[O-],C#CC(=O)[O-].C#CC(=O)[O-],C=CCl,4,9,1.1175529766338148
135,O=C([O-])C#CC=C(Cl)C#CC(=O)[O-],C#CC(=O)[O-].C#CC(=O)[O-],C=CCl,4,9,1.1175529766338148
136,O=C([O-])C#CC=C(Cl)C#CC(=O)[O-],C#CC(=O)[O-].C#CC(=O)[O-],C=CCl,4,9,1.1175529766338148
137,O=C([O-])C#CC=C(Cl)C#CC(=O)[O-],C#CC(=O)[O-].C#CC(=O)[O-],C=CCl,4,9,1.1175529766338148
138,O=C([O-])C#CC=C(Cl)C#CC(=O)[O-],C#CC(=O)[O-].C#CC(=O)[O-],C=CCl,4,9,1.1175529766338148
139,O=C([O-])C#CC=C(Cl)C#CC(=O)[O-],C#CC(=O)[O-].C#CC(=O)[O-],C=CCl,4,9,1.1175529766338148
140,O=C([O-])C#CC=C(Cl)C#CC(=O)[O-],C#CC(=O)[O-].C#CC(=O)[O-],C=CCl,4,9,1.1175529766338148
141,O=C([O-])C#CC=C(Cl)C#CC(=O)[O-],C#CC(=O)[O-].C#CC(=O)[O-],C=CCl,4,9,1.1175774213114837
142,O=C([O-])C#CC=C(Cl)C#CC(=O)[O-],C#CC(=O)[O-].C#CC(=O)[O-],C=CCl,4,9,1.1175774213114837
143,O=C([O-])C#CC=C(Cl)C#CC(=O)[O-],C#CC(=O)[O-].C#CC(=O)[O-],C=CCl,4,9,1.1175774213114837
144,O=C([O-])C#CC=C(Cl)C#CC(=O)[O-],C#CC(=O)[O-].C#CC(=O)[O-],C=CCl,4,9,1.1175774213114837
145,O=C([O-])C#CC=C(Cl)C#CC(=O)[O-],C#CC(=O)[O-].C#CC(=O)[O-],C=CCl,4,9,1.1175774213114837
146,O=C([O-])C#CC=C(Cl)C#CC(=O)[O-],C#CC(=O)[O-].C#CC(=O)[O-],C=CCl,4,9,1.1175774213114837
147,O=C([O-])C#CC=C(Cl)C#CC(=O)[O-],C#CC(=O)[O-].C#CC(=O)[O-],C=CCl,4,9,1.1175774213114837
148,O=C([O-])C#CC=C(Cl)C#CC(=O)[O-],C#CC(=O)[O-].C#CC(=O)[O-],C=CCl,4,9,1.1175774213114837
149,O=C([O-])C#CC=C(Cl)C#CC(=O)[O-],C#CC(=O)[O-].C#CC(=O)[O-],C=CCl,4,9,1.1175774213114837
150,O=C([O-])C#CC=C(Cl)C#CC(=O)[O-],C#CC(=O)[O-].C#CC(=O)[O-],C=CCl,4,9,1.1175774213114837
151,O=C([O-])C#CC=C(Cl)C#CC(=O)[O-],C#CC(=O)[O-].C#CC(=O)[O-],C=CCl,4,9,1.1175774213114837
152,O=C([O-])C#CC=C(Cl)C#CC(=O)[O-],C#CC(=O)[O-].C#CC(=O)[O-],C=CCl,4,9,1.1217086187910832
153,O=C([O-])C#CC=C(Cl)C#CC(=O)[O-],C#CC(=O)[O-].C#CC(=O)[O-],C=CCl,4,9,1.1217086187910832
154,O=C([O-])C#CC=C(Cl)C#CC(=O)[O-],C#CC(=O)[O-].C#CC(=O)[O-],C=CCl,4,9,1.1217086187910832
155,O=C([O-])C#CC=C(Cl)C#CC(=O)[O-],C#CC(=O)[O-].C#CC(=O)[O-],C=CCl,4,9,1.1217086187910832
156,O=C([O-])C#CC=C(Cl)C#CC(=O)[O-],C#CC(=O)[O-].C#CC(=O)[O-],C=CCl,4,9,1.1217086187910832
157,O=C([O-])C#CC=C(Cl)C#CC(=O)[O-],C#CC(=O)[O-].C#CC(=O)[O-],C=CCl,4,9,1.1217086187910832
158,O=C([O-])C#CC=C(Cl)C#CC(=O)[O-],C#CC(=O)[O-].C#CC(=O)[O-],C=CCl,4,9,1.1217086187910832
159,O=C([O-])C#CC=C(Cl)C#CC(=O)[O-],C#CC(=O)[O-].C#CC(=O)[O-],C=CCl,4,9,1.1217086187910832
160,O=C([O-])C#CC=C(Cl)C#CC(=O)[O-],C#CC(=O)[O-].C#CC(=O)[O-],C=CCl,4,9,1.1217086187910832
161,O=C([O-])C#CC=C(Cl)C#CC(=O)[O-],C#CC(=O)[O-].C#CC(=O)[O-],C=CCl,4,9,1.1217086187910832
162,O=C([O-])C#CC=C(Cl)C#CC(=O)[O-],C#CC(=O)[O-].C#CC(=O)[O-],C=CCl,4,9,1.1217086187910832
163,Cc1cc(-c2cc(C)c(-c3ccc(C(=O)[O-])cc3C)cc2C)ccc1C(=O)[O-],Cc1cccc(C(=O)[O-])c1.Cc1ccccc1C(=O)[O-],Cc1ccc(C)cc1,9,13,70.0989632120712
164,Cc1cc(-c2cc(C)c(-c3ccc(C(=O)[O-])cc3C)cc2C)ccc1C(=O)[O-],Cc1cccc(C(=O)[O-])c1.Cc1ccccc1C(=O)[O-],Cc1ccc(C)cc1,9,13,70.13977525842769
165,Cc1cc(-c2cc(C)c(-c3ccc(C(=O)[O-])cc3C)cc2C)ccc1C(=O)[O-],Cc1cccc(C(=O)[O-])c1.Cc1ccccc1C(=O)[O-],Cc1ccc(C)cc1,9,13,70.15146428365644
166,Cc1cc(-c2cc(C)c(-c3ccc(C(=O)[O-])cc3C)cc2C)ccc1C(=O)[O-],Cc1cccc(C(=O)[O-])c1.Cc1ccccc1C(=O)[O-],Cc1ccc(C)cc1,9,13,70.17878695942605
167,Cc1cc(-c2cc(C)c(-c3ccc(C(=O)[O-])cc3C)cc2C)ccc1C(=O)[O-],Cc1cccc(C(=O)[O-])c1.Cc1ccccc1C(=O)[O-],Cc1ccc(C)cc1,9,13,70.30288008577513
168,Cc1cc(-c2cc(C)c(-c3ccc(C(=O)[O-])cc3C)cc2C)ccc1C(=O)[O-],Cc1cccc(C(=O)[O-])c1.Cc1ccccc1C(=O)[O-],Cc1ccc(C)cc1,9,13,70.33193606969367
169,Cc1cc(-c2cc(C)c(-c3ccc(C(=O)[O-])cc3C)cc2C)ccc1C(=O)[O-],Cc1cccc(C(=O)[O-])c1.Cc1ccccc1C(=O)[O-],Cc1ccc(C)cc1,9,13,70.34726281792412
170,Cc1cc(-c2cc(C)c(-c3ccc(C(=O)[O-])cc3C)cc2C)ccc1C(=O)[O-],Cc1cccc(C(=O)[O-])c1.Cc1ccccc1C(=O)[O-],Cc1ccc(C)cc1,9,13,70.3806298758533
171,Cc1cc(-c2cc(C)c(-c3ccc(C(=O)[O-])cc3C)cc2C)ccc1C(=O)[O-],Cc1cccc(C(=O)[O-])c1.Cc1ccccc1C(=O)[O-],Cc1ccc(C)cc1,9,13,70.39332616093753
172,O=C([O-])C#CC=C(F)C#CC(=O)[O-],C#CC(=O)[O-].C#CC(=O)[O-],C=CF,4,9,0.30116340416436804
173,O=C([O-])C#CC=C(F)C#CC(=O)[O-],C#CC(=O)[O-].C#CC(=O)[O-],C=CF,4,9,0.30116340416436804
174,O=C([O-])C#CC=C(F)C#CC(=O)[O-],C#CC(=O)[O-].C#CC(=O)[O-],C=CF,4,9,0.30116340416436804
175,O=C([O-])C#CC=C(F)C#CC(=O)[O-],C#CC(=O)[O-].C#CC(=O)[O-],C=CF,4,9,0.30116340416436804
176,O=C([O-])C#CC=C(F)C#CC(=O)[O-],C#CC(=O)[O-].C#CC(=O)[O-],C=CF,4,9,0.30116340416436804
177,O=C([O-])C#CC=C(F)C#CC(=O)[O-],C#CC(=O)[O-].C#CC(=O)[O-],C=CF,4,9,0.30116340416436804
178,O=C([O-])C#CC=C(F)C#CC(=O)[O-],C#CC(=O)[O-].C#CC(=O)[O-],C=CF,4,9,0.30116340416436804
179,O=C([O-])C#CC=C(F)C#CC(=O)[O-],C#CC(=O)[O-].C#CC(=O)[O-],C=CF,4,9,0.30116340416436804
180,O=C([O-])C#CC=C(F)C#CC(=O)[O-],C#CC(=O)[O-].C#CC(=O)[O-],C=CF,4,9,0.30116340416436804
181,O=C([O-])C#CC=C(F)C#CC(=O)[O-],C#CC(=O)[O-].C#CC(=O)[O-],C=CF,4,9,0.30116340416436804
182,O=C([O-])C#CC=C(F)C#CC(=O)[O-],C#CC(=O)[O-].C#CC(=O)[O-],C=CF,4,9,0.30116340416436804
183,O=C([O-])C#CC=C(F)C#CC(=O)[O-],C#CC(=O)[O-].C#CC(=O)[O-],C=CF,4,9,0.30116340416436804
184,O=C([O-])C#CC=C(F)C#CC(=O)[O-],C#CC(=O)[O-].C#CC(=O)[O-],C=CF,4,9,0.30121106744758713
185,O=C([O-])C#CC=C(F)C#CC(=O)[O-],C#CC(=O)[O-].C#CC(=O)[O-],C=CF,4,9,0.30121106744758713
186,O=C([O-])C#CC=C(F)C#CC(=O)[O-],C#CC(=O)[O-].C#CC(=O)[O-],C=CF,4,9,0.30121106744758713
187,O=C([O-])C#CC=C(F)C#CC(=O)[O-],C#CC(=O)[O-].C#CC(=O)[O-],C=CF,4,9,0.30121106744758713
188,O=C([O-])C#CC=C(F)C#CC(=O)[O-],C#CC(=O)[O-].C#CC(=O)[O-],C=CF,4,9,0.30121106744758713
189,O=C([O-])C#CC=C(F)C#CC(=O)[O-],C#CC(=O)[O-].C#CC(=O)[O-],C=CF,4,9,0.30121106744758713
190,O=C([O-])C#CC=C(F)C#CC(=O)[O-],C#CC(=O)[O-].C#CC(=O)[O-],C=CF,4,9,0.30121106744758713
191,O=C([O-])C#CC=C(F)C#CC(=O)[O-],C#CC(=O)[O-].C#CC(=O)[O-],C=CF,4,9,0.30121106744758713
192,O=C([O-])C#CC=C(F)C#CC(=O)[O-],C#CC(=O)[O-].C#CC(=O)[O-],C=CF,4,9,0.30121106744758713
193,O=C([O-])C#CC=C(F)C#CC(=O)[O-],C#CC(=O)[O-].C#CC(=O)[O-],C=CF,4,9,0.30121106744758713
194,O=C([O-])C#CC=C(F)C#CC(=O)[O-],C#CC(=O)[O-].C#CC(=O)[O-],C=CF,4,9,0.30121106744758713
195,O=C([O-])C#CC=C(F)C#CC(=O)[O-],C#CC(=O)[O-].C#CC(=O)[O-],C=CF,4,9,0.30121106744758713
196,O=C([O-])C#CC=C(F)C#CC(=O)[O-],C#CC(=O)[O-].C#CC(=O)[O-],C=CF,4,9,0.30125974859886284
197,O=C([O-])C#CC=C(F)C#CC(=O)[O-],C#CC(=O)[O-].C#CC(=O)[O-],C=CF,4,9,0.30125974859886284
198,O=C([O-])C#CC=C(F)C#CC(=O)[O-],C#CC(=O)[O-].C#CC(=O)[O-],C=CF,4,9,0.30125974859886284
199,O=C([O-])C#CC=C(F)C#CC(=O)[O-],C#CC(=O)[O-].C#CC(=O)[O-],C=CF,4,9,0.30125974859886284
200,O=C([O-])C#CC=C(F)C#CC(=O)[O-],C#CC(=O)[O-].C#CC(=O)[O-],C=CF,4,9,0.30125974859886284
201,O=C([O-])C#CC=C(F)C#CC(=O)[O-],C#CC(=O)[O-].C#CC(=O)[O-],C=CF,4,9,0.30125974859886284
202,O=C([O-])C#CC=C(F)C#CC(=O)[O-],C#CC(=O)[O-].C#CC(=O)[O-],C=CF,4,9,0.30125974859886284
203,O=C([O-])C#CC=C(F)C#CC(=O)[O-],C#CC(=O)[O-].C#CC(=O)[O-],C=CF,4,9,0.30125974859886284
204,O=C([O-])C#CC=C(F)C#CC(=O)[O-],C#CC(=O)[O-].C#CC(=O)[O-],C=CF,4,9,0.30125974859886284
205,O=C([O-])C#CC=C(F)C#CC(=O)[O-],C#CC(=O)[O-].C#CC(=O)[O-],C=CF,4,9,0.30125974859886284
206,O=C([O-])C#CC=C(F)C#CC(=O)[O-],C#CC(=O)[O-].C#CC(=O)[O-],C=CF,4,9,0.30125974859886284
207,O=C([O-])C#CC=C(F)C#CC(=O)[O-],C#CC(=O)[O-].C#CC(=O)[O-],C=CF,4,9,0.30125974859886284
208,O=C([O-])C#CC=C(F)C#CC(=O)[O-],C#CC(=O)[O-].C#CC(=O)[O-],C=CF,4,9,0.30286654341330455
209,O=C([O-])C#CC=C(F)C#CC(=O)[O-],C#CC(=O)[O-].C#CC(=O)[O-],C=CF,4,9,0.30286654341330455
210,O=C([O-])C#CC=C(F)C#CC(=O)[O-],C#CC(=O)[O-].C#CC(=O)[O-],C=CF,4,9,0.30286654341330455
211,O=C([O-])C#CC=C(F)C#CC(=O)[O-],C#CC(=O)[O-].C#CC(=O)[O-],C=CF,4,9,0.30286654341330455
212,O=C([O-])C#CC=C(F)C#CC(=O)[O-],C#CC(=O)[O-].C#CC(=O)[O-],C=CF,4,9,0.30286654341330455
213,O=C([O-])C#CC=C(F)C#CC(=O)[O-],C#CC(=O)[O-].C#CC(=O)[O-],C=CF,4,9,0.30286654341330455
214,O=C([O-])C#CC=C(F)C#CC(=O)[O-],C#CC(=O)[O-].C#CC(=O)[O-],C=CF,4,9,0.30286654341330455
215,O=C([O-])C#CC=C(F)C#CC(=O)[O-],C#CC(=O)[O-].C#CC(=O)[O-],C=CF,4,9,0.30286654341330455
216,O=C([O-])C#CC=C(F)C#CC(=O)[O-],C#CC(=O)[O-].C#CC(=O)[O-],C=CF,4,9,0.30286654341330455
217,O=C([O-])C#CC=C(F)C#CC(=O)[O-],C#CC(=O)[O-].C#CC(=O)[O-],C=CF,4,9,0.30286654341330455
218,O=C([O-])C#CC=C(F)C#CC(=O)[O-],C#CC(=O)[O-].C#CC(=O)[O-],C=CF,4,9,0.30286654341330455
219,O=C([O-])C#CC=C(F)C#CC(=O)[O-],C#CC(=O)[O-].C#CC(=O)[O-],C=CF,4,9,0.30286654341330455
220,O=C([O-])C#CC=C(F)C#CC(=O)[O-],C#CC(=O)[O-].C#CC(=O)[O-],C=CF,4,9,1.2284204016806264
221,O=C([O-])C#CC=C(F)C#CC(=O)[O-],C#CC(=O)[O-].C#CC(=O)[O-],C=CF,4,9,1.2284204016806264
222,O=C([O-])C#CC=C(F)C#CC(=O)[O-],C#CC(=O)[O-].C#CC(=O)[O-],C=CF,4,9,1.2284204016806264
223,O=C([O-])C#CC=C(F)C#CC(=O)[O-],C#CC(=O)[O-].C#CC(=O)[O-],C=CF,4,9,1.2284204016806264
224,O=C([O-])C#CC=C(F)C#CC(=O)[O-],C#CC(=O)[O-].C#CC(=O)[O-],C=CF,4,9,1.2284204016806264
225,O=C([O-])C#CC=C(F)C#CC(=O)[O-],C#CC(=O)[O-].C#CC(=O)[O-],C=CF,4,9,1.2284204016806264
226,O=C([O-])C#CC=C(F)C#CC(=O)[O-],C#CC(=O)[O-].C#CC(=O)[O-],C=CF,4,9,1.2284204016806264
227,O=C([O-])C#CC=C(F)C#CC(=O)[O-],C#CC(=O)[O-].C#CC(=O)[O-],C=CF,4,9,1.2284204016806264
228,O=C([O-])C#CC=C(F)C#CC(=O)[O-],C#CC(=O)[O-].C#CC(=O)[O-],C=CF,4,9,1.2284204016806264
229,O=C([O-])C#CC=C(F)C#CC(=O)[O-],C#CC(=O)[O-].C#CC(=O)[O-],C=CF,4,9,1.2284204016806264
230,O=C([O-])C#CC=C(F)C#CC(=O)[O-],C#CC(=O)[O-].C#CC(=O)[O-],C=CF,4,9,1.2284204016806264
231,O=C([O-])C#CC=C(F)C#CC(=O)[O-],C#CC(=O)[O-].C#CC(=O)[O-],C=CF,4,9,1.2284204016806264
232,O=C([O-])C#CC=C(F)C#CC(=O)[O-],C#CC(=O)[O-].C#CC(=O)[O-],C=CF,4,9,1.2327900278839126
233,O=C([O-])C#CC=C(F)C#CC(=O)[O-],C#CC(=O)[O-].C#CC(=O)[O-],C=CF,4,9,1.2327900278839126
234,O=C([O-])C#CC=C(F)C#CC(=O)[O-],C#CC(=O)[O-].C#CC(=O)[O-],C=CF,4,9,1.2327900278839126
235,O=C([O-])C#CC=C(F)C#CC(=O)[O-],C#CC(=O)[O-].C#CC(=O)[O-],C=CF,4,9,1.2327900278839126
236,O=C([O-])C#CC=C(F)C#CC(=O)[O-],C#CC(=O)[O-].C#CC(=O)[O-],C=CF,4,9,1.2327900278839126
237,O=C([O-])C#CC=C(F)C#CC(=O)[O-],C#CC(=O)[O-].C#CC(=O)[O-],C=CF,4,9,1.2327900278839126
238,O=C([O-])C#CC=C(F)C#CC(=O)[O-],C#CC(=O)[O-].C#CC(=O)[O-],C=CF,4,9,1.2327900278839126
239,O=C([O-])C#CC=C(F)C#CC(=O)[O-],C#CC(=O)[O-].C#CC(=O)[O-],C=CF,4,9,1.2327900278839126
240,O=C([O-])C#CC=C(F)C#CC(=O)[O-],C#CC(=O)[O-].C#CC(=O)[O-],C=CF,4,9,1.2327900278839126
241,O=C([O-])C#CC=C(F)C#CC(=O)[O-],C#CC(=O)[O-].C#CC(=O)[O-],C=CF,4,9,1.2327900278839126
242,O=C([O-])C#CC=C(F)C#CC(=O)[O-],C#CC(=O)[O-].C#CC(=O)[O-],C=CF,4,9,1.2327900278839126
243,O=C([O-])C#CC=C(F)C#CC(=O)[O-],C#CC(=O)[O-].C#CC(=O)[O-],C=CF,4,9,1.2327900278839126
244,CC(=Cc1cc(C)c(C(=O)[O-])c(C)c1)c1ccc(C(=O)[O-])c(C)c1C,Cc1cccc(C(=O)[O-])c1C.Cc1cccc(C)c1C(=O)[O-],C=CC,8,14,70.79356150323899
245,CC(=Cc1cc(C)c(C(=O)[O-])c(C)c1)c1ccc(C(=O)[O-])c(C)c1C,Cc1cccc(C(=O)[O-])c1C.Cc1cccc(C)c1C(=O)[O-],C=CC,8,14,73.51010037500771
246,CC(=Cc1cc(C)c(C(=O)[O-])c(C)c1)c1ccc(C(=O)[O-])c(C)c1C,Cc1cccc(C(=O)[O-])c1C.Cc1cccc(C)c1C(=O)[O-],C=CC,8,14,73.51031861629848
247,CC(=Cc1cc(C)c(C(=O)[O-])c(C)c1)c1ccc(C(=O)[O-])c(C)c1C,Cc1cccc(C(=O)[O-])c1C.Cc1cccc(C)c1C(=O)[O-],C=CC,8,14,73.56551048994768
248,CC(=Cc1cc(C)c(C(=O)[O-])c(C)c1)c1ccc(C(=O)[O-])c(C)c1C,Cc1cccc(C(=O)[O-])c1C.Cc1cccc(C)c1C(=O)[O-],C=CC,8,14,73.6830314455285
249,CC(=Cc1cc(C)c(C(=O)[O-])c(C)c1)c1ccc(C(=O)[O-])c(C)c1C,Cc1cccc(C(=O)[O-])c1C.Cc1cccc(C)c1C(=O)[O-],C=CC,8,14,73.69880021617182
250,CC(=Cc1cc(C)c(C(=O)[O-])c(C)c1)c1ccc(C(=O)[O-])c(C)c1C,Cc1cccc(C(=O)[O-])c1C.Cc1cccc(C)c1C(=O)[O-],C=CC,8,14,73.69880050018295
251,CC(=Cc1cc(C)c(C(=O)[O-])c(C)c1)c1ccc(C(=O)[O-])c(C)c1C,Cc1cccc(C(=O)[O-])c1C.Cc1cccc(C)c1C(=O)[O-],C=CC,8,14,73.69880160982903
252,CC(=Cc1cc(C)c(C(=O)[O-])c(C)c1)c1ccc(C(=O)[O-])c(C)c1C,Cc1cccc(C(=O)[O-])c1C.Cc1cccc(C)c1C(=O)[O-],C=CC,8,14,73.76638655554498
253,CC(=Cc1cc(C)c(C(=O)[O-])c(C)c1)c1ccc(C(=O)[O-])c(C)c1C,Cc1cccc(C(=O)[O-])c1C.Cc1cccc(C)c1C(=O)[O-],C=CC,8,14,73.78287290068079
254,CC(=Cc1cc(C)c(C(=O)[O-])c(C)c1)c1ccc(C(=O)[O-])c(C)c1C,Cc1cccc(C(=O)[O-])c1C.Cc1cccc(C)c1C(=O)[O-],C=CC,8,14,73.98073877461381
255,CC(=Cc1cc(C)c(C(=O)[O-])c(C)c1)c1ccc(C(=O)[O-])c(C)c1C,Cc1cccc(C(=O)[O-])c1C.Cc1cccc(C)c1C(=O)[O-],C=CC,8,14,74.03543123150526
256,CC(=Cc1cc(C)c(C(=O)[O-])c(C)c1)c1ccc(C(=O)[O-])c(C)c1C,Cc1cccc(C(=O)[O-])c1C.Cc1cccc(C)c1C(=O)[O-],C=CC,8,14,74.03543124554996
257,O=C([O-])c1cc(F)c(-c2nnc(-c3ccc(C(=O)[O-])c(F)c3F)nn2)cc1F,O=C([O-])c1cc(F)ccc1F.O=C([O-])c1cccc(F)c1F,c1nncnn1,7,17,47.40109317120155
258,O=C([O-])c1cc(F)c(-c2nnc(-c3ccc(C(=O)[O-])c(F)c3F)nn2)cc1F,O=C([O-])c1cc(F)ccc1F.O=C([O-])c1cccc(F)c1F,c1nncnn1,7,17,47.40109317120155
259,O=C([O-])c1cc(F)c(-c2nnc(-c3ccc(C(=O)[O-])c(F)c3F)nn2)cc1F,O=C([O-])c1cc(F)ccc1F.O=C([O-])c1cccc(F)c1F,c1nncnn1,7,17,47.40109325949471
260,O=C([O-])c1cc(F)c(-c2nnc(-c3ccc(C(=O)[O-])c(F)c3F)nn2)cc1F,O=C([O-])c1cc(F)ccc1F.O=C([O-])c1cccc(F)c1F,c1nncnn1,7,17,47.40109325949471
261,O=C([O-])c1cc(F)c(-c2nnc(-c3ccc(C(=O)[O-])c(F)c3F)nn2)cc1F,O=C([O-])c1cc(F)ccc1F.O=C([O-])c1cccc(F)c1F,c1nncnn1,7,17,47.40135555301457
262,O=C([O-])c1cc(F)c(-c2nnc(-c3ccc(C(=O)[O-])c(F)c3F)nn2)cc1F,O=C([O-])c1cc(F)ccc1F.O=C([O-])c1cccc(F)c1F,c1nncnn1,7,17,47.40135555301457
263,O=C([O-])c1cc(F)c(-c2nnc(-c3ccc(C(=O)[O-])c(F)c3F)nn2)cc1F,O=C([O-])c1cc(F)ccc1F.O=C([O-])c1cccc(F)c1F,c1nncnn1,7,17,47.48101605978068
264,O=C([O-])c1cc(F)c(-c2nnc(-c3ccc(C(=O)[O-])c(F)c3F)nn2)cc1F,O=C([O-])c1cc(F)ccc1F.O=C([O-])c1cccc(F)c1F,c1nncnn1,7,17,47.48101605978068
265,O=C([O-])c1cc(F)c(-c2nnc(-c3ccc(C(=O)[O-])c(F)c3F)nn2)cc1F,O=C([O-])c1cc(F)ccc1F.O=C([O-])c1cccc(F)c1F,c1nncnn1,7,17,47.48383438661979
266,O=C([O-])c1cc(F)c(-c2nnc(-c3ccc(C(=O)[O-])c(F)c3F)nn2)cc1F,O=C([O-])c1cc(F)ccc1F.O=C([O-])c1cccc(F)c1F,c1nncnn1,7,17,47.48383438661979
267,O=C([O-])c1cc(F)c(-c2nnc(-c3ccc(C(=O)[O-])c(F)c3F)nn2)cc1F,O=C([O-])c1cc(F)ccc1F.O=C([O-])c1cccc(F)c1F,c1nncnn1,7,17,47.56323345130628
268,O=C([O-])c1cc(F)c(-c2nnc(-c3ccc(C(=O)[O-])c(F)c3F)nn2)cc1F,O=C([O-])c1cc(F)ccc1F.O=C([O-])c1cccc(F)c1F,c1nncnn1,7,17,47.56323345130628
269,O=C([O-])c1cc(F)c(-c2nnc(-c3ccc(C(=O)[O-])c(F)c3F)nn2)cc1F,O=C([O-])c1cc(F)ccc1F.O=C([O-])c1cccc(F)c1F,c1nncnn1,7,17,47.56349501714102
270,O=C([O-])c1cc(F)c(-c2nnc(-c3ccc(C(=O)[O-])c(F)c3F)nn2)cc1F,O=C([O-])c1cc(F)ccc1F.O=C([O-])c1cccc(F)c1F,c1nncnn1,7,17,47.56349501714102
